given_name,family_name,email,customer_num
Earline,Talamantez,Earline.Talamantez@imfake.com,1
Lizette,Echols,Lizette.Echols@imfake.com,2
Hollis,Mccombs,Hollis.Mccombs@imfake.com,3
Renato,Almeda,Renato.Almeda@imfake.com,4
Kary,Germann,Kary.Germann@imfake.com,5
Hyo,Englehart,Hyo.Englehart@imfake.com,6
Janeth,Patch,Janeth.Patch@imfake.com,7
Jeanna,Dutil,Jeanna.Dutil@imfake.com,8
Noemi,Weishaupt,Noemi.Weishaupt@imfake.com,9
Alene,Deaton,Alene.Deaton@imfake.com,10
Mel,Saucedo,Mel.Saucedo@imfake.com,11
Muriel,Dubray,Muriel.Dubray@imfake.com,12
Vita,Hilker,Vita.Hilker@imfake.com,13
Corliss,Nordberg,Corliss.Nordberg@imfake.com,14
Barbara,Velazquez,Barbara.Velazquez@imfake.com,15
Anitra,Cada,Anitra.Cada@imfake.com,16
Retta,Kimrey,Retta.Kimrey@imfake.com,17
Mollie,Wolske,Mollie.Wolske@imfake.com,18
Pauletta,Weisman,Pauletta.Weisman@imfake.com,19
Filiberto,Doering,Filiberto.Doering@imfake.com,20
Nanette,Kysar,Nanette.Kysar@imfake.com,21
Lesha,Pagani,Lesha.Pagani@imfake.com,22
Deon,Barsh,Deon.Barsh@imfake.com,23
Percy,Plumley,Percy.Plumley@imfake.com,24
Anna,Labree,Anna.Labree@imfake.com,25
Marilu,Selander,Marilu.Selander@imfake.com,26
Matthew,Dyck,Matthew.Dyck@imfake.com,27
Hilary,Mealing,Hilary.Mealing@imfake.com,28
Maria,Lamphear,Maria.Lamphear@imfake.com,29
Peggy,Hoefer,Peggy.Hoefer@imfake.com,30
Ellen,Weatherspoon,Ellen.Weatherspoon@imfake.com,31
Jazmin,Prindle,Jazmin.Prindle@imfake.com,32
Harland,Spielman,Harland.Spielman@imfake.com,33
Angele,Stampley,Angele.Stampley@imfake.com,34
Kandy,Rolfe,Kandy.Rolfe@imfake.com,35
Melva,Kueter,Melva.Kueter@imfake.com,36
Kory,Wanke,Kory.Wanke@imfake.com,37
Carma,Bibb,Carma.Bibb@imfake.com,38
Hilde,Legette,Hilde.Legette@imfake.com,39
Penelope,Cambre,Penelope.Cambre@imfake.com,40
Leonie,Rodiguez,Leonie.Rodiguez@imfake.com,41
Olive,Mull,Olive.Mull@imfake.com,42
Delpha,Scheller,Delpha.Scheller@imfake.com,43
Darcey,Severance,Darcey.Severance@imfake.com,44
Krishna,Keeton,Krishna.Keeton@imfake.com,45
Esperanza,Rackers,Esperanza.Rackers@imfake.com,46
Liz,Christie,Liz.Christie@imfake.com,47
Morgan,Ben,Morgan.Ben@imfake.com,48
Lakeesha,Villani,Lakeesha.Villani@imfake.com,49
Dion,Fitzpatrick,Dion.Fitzpatrick@imfake.com,50
Frederic,Derbyshire,Frederic.Derbyshire@imfake.com,51
Kent,Riggin,Kent.Riggin@imfake.com,52
Irving,Quesinberry,Irving.Quesinberry@imfake.com,53
Lorriane,Henegar,Lorriane.Henegar@imfake.com,54
Kam,Dewar,Kam.Dewar@imfake.com,55
Jung,Pena,Jung.Pena@imfake.com,56
Lorinda,Keller,Lorinda.Keller@imfake.com,57
Bruna,Hamann,Bruna.Hamann@imfake.com,58
Herman,Dewalt,Herman.Dewalt@imfake.com,59
Josefina,Thielen,Josefina.Thielen@imfake.com,60
Laurel,Favero,Laurel.Favero@imfake.com,61
Elnora,Boman,Elnora.Boman@imfake.com,62
Vanesa,Perrone,Vanesa.Perrone@imfake.com,63
Catina,Tynes,Catina.Tynes@imfake.com,64
Enoch,Ouellette,Enoch.Ouellette@imfake.com,65
Maxine,Manney,Maxine.Manney@imfake.com,66
Waylon,Lamberton,Waylon.Lamberton@imfake.com,67
Toi,Yin,Toi.Yin@imfake.com,68
Malisa,Dark,Malisa.Dark@imfake.com,69
Venus,Luhman,Venus.Luhman@imfake.com,70
Theodore,Crabb,Theodore.Crabb@imfake.com,71
Adam,Veith,Adam.Veith@imfake.com,72
Mardell,Plaza,Mardell.Plaza@imfake.com,73
Miles,Gruber,Miles.Gruber@imfake.com,74
Nicolas,Wickman,Nicolas.Wickman@imfake.com,75
Marshall,Hardiman,Marshall.Hardiman@imfake.com,76
Alleen,Ortegon,Alleen.Ortegon@imfake.com,77
Glennis,Lamson,Glennis.Lamson@imfake.com,78
Earleen,Bohan,Earleen.Bohan@imfake.com,79
Hazel,Mary,Hazel.Mary@imfake.com,80
Clair,Threadgill,Clair.Threadgill@imfake.com,81
Isabelle,Hollandsworth,Isabelle.Hollandsworth@imfake.com,82
Leone,Embry,Leone.Embry@imfake.com,83
Annabel,Basco,Annabel.Basco@imfake.com,84
Ellie,Sarris,Ellie.Sarris@imfake.com,85
Zoila,Castenada,Zoila.Castenada@imfake.com,86
Lavonia,Swaim,Lavonia.Swaim@imfake.com,87
Rachell,Hogle,Rachell.Hogle@imfake.com,88
Ozie,Comiskey,Ozie.Comiskey@imfake.com,89
Leonor,Kovacs,Leonor.Kovacs@imfake.com,90
Sharen,Sandell,Sharen.Sandell@imfake.com,91
Tangela,Macinnis,Tangela.Macinnis@imfake.com,92
Donnie,Fry,Donnie.Fry@imfake.com,93
Gidget,Rhames,Gidget.Rhames@imfake.com,94
Irvin,Keown,Irvin.Keown@imfake.com,95
Sharan,Cortes,Sharan.Cortes@imfake.com,96
Verda,Cassinelli,Verda.Cassinelli@imfake.com,97
Ammie,Kincaid,Ammie.Kincaid@imfake.com,98
Marcell,Vanek,Marcell.Vanek@imfake.com,99
Henriette,Whitby,Henriette.Whitby@imfake.com,100
Thea,Foulks,Thea.Foulks@imfake.com,101
Conception,Crampton,Conception.Crampton@imfake.com,102
Sheridan,Letourneau,Sheridan.Letourneau@imfake.com,103
Rupert,Belk,Rupert.Belk@imfake.com,104
Kecia,Ferrera,Kecia.Ferrera@imfake.com,105
Tomeka,Pavao,Tomeka.Pavao@imfake.com,106
Trudi,Carroway,Trudi.Carroway@imfake.com,107
Elias,Wolcott,Elias.Wolcott@imfake.com,108
Jerald,Whitehorn,Jerald.Whitehorn@imfake.com,109
Toney,Saxton,Toney.Saxton@imfake.com,110
Elidia,Wayne,Elidia.Wayne@imfake.com,111
Miquel,Hafley,Miquel.Hafley@imfake.com,112
Ranee,Pyburn,Ranee.Pyburn@imfake.com,113
Tamra,Hovis,Tamra.Hovis@imfake.com,114
Sanda,Redwine,Sanda.Redwine@imfake.com,115
Kris,Pratte,Kris.Pratte@imfake.com,116
Venice,Eichorn,Venice.Eichorn@imfake.com,117
Tami,Wilbourn,Tami.Wilbourn@imfake.com,118
Hazel,Sheeley,Hazel.Sheeley@imfake.com,119
Filiberto,Pine,Filiberto.Pine@imfake.com,120
Doloris,Belle,Doloris.Belle@imfake.com,121
Catrice,Trivett,Catrice.Trivett@imfake.com,122
Antoine,Henslee,Antoine.Henslee@imfake.com,123
Kasha,Pompei,Kasha.Pompei@imfake.com,124
Cherise,Meritt,Cherise.Meritt@imfake.com,125
Walker,Heasley,Walker.Heasley@imfake.com,126
Charline,Goatley,Charline.Goatley@imfake.com,127
Duane,Desiderio,Duane.Desiderio@imfake.com,128
Anissa,Ballesteros,Anissa.Ballesteros@imfake.com,129
Julissa,Paradis,Julissa.Paradis@imfake.com,130
Alma,Hohler,Alma.Hohler@imfake.com,131
Josef,Whitlow,Josef.Whitlow@imfake.com,132
Emmie,Mestayer,Emmie.Mestayer@imfake.com,133
Delinda,Luu,Delinda.Luu@imfake.com,134
Margurite,Gallaway,Margurite.Gallaway@imfake.com,135
Laurena,Cost,Laurena.Cost@imfake.com,136
Josh,Rea,Josh.Rea@imfake.com,137
Jules,Wilmoth,Jules.Wilmoth@imfake.com,138
Brynn,Inniss,Brynn.Inniss@imfake.com,139
Camilla,Lago,Camilla.Lago@imfake.com,140
Nevada,Spraggins,Nevada.Spraggins@imfake.com,141
Maria,Brockwell,Maria.Brockwell@imfake.com,142
Jacinta,Moorefield,Jacinta.Moorefield@imfake.com,143
Selina,Walla,Selina.Walla@imfake.com,144
Susanne,Coty,Susanne.Coty@imfake.com,145
Raquel,Gayhart,Raquel.Gayhart@imfake.com,146
Lynn,Minarik,Lynn.Minarik@imfake.com,147
Olin,Traverso,Olin.Traverso@imfake.com,148
Natividad,Almanza,Natividad.Almanza@imfake.com,149
Adrienne,Furlong,Adrienne.Furlong@imfake.com,150
Deandra,Drum,Deandra.Drum@imfake.com,151
Kasandra,Fugitt,Kasandra.Fugitt@imfake.com,152
Lavonia,Degarmo,Lavonia.Degarmo@imfake.com,153
Asuncion,Polanco,Asuncion.Polanco@imfake.com,154
Kiersten,Dedrick,Kiersten.Dedrick@imfake.com,155
Doreen,Bloss,Doreen.Bloss@imfake.com,156
Derick,Henrikson,Derick.Henrikson@imfake.com,157
Yolanda,Selvey,Yolanda.Selvey@imfake.com,158
Rich,Verrill,Rich.Verrill@imfake.com,159
Annett,Musial,Annett.Musial@imfake.com,160
Nova,Prieto,Nova.Prieto@imfake.com,161
Carli,Adolphsen,Carli.Adolphsen@imfake.com,162
Lashonda,Haveman,Lashonda.Haveman@imfake.com,163
Felipa,Ackman,Felipa.Ackman@imfake.com,164
Orval,Fiedler,Orval.Fiedler@imfake.com,165
Lane,Freeman,Lane.Freeman@imfake.com,166
Mickie,Nickell,Mickie.Nickell@imfake.com,167
Jackie,Haltom,Jackie.Haltom@imfake.com,168
Mila,Pickering,Mila.Pickering@imfake.com,169
Jamee,Douthit,Jamee.Douthit@imfake.com,170
Genia,Lamontagne,Genia.Lamontagne@imfake.com,171
Alphonse,Tillman,Alphonse.Tillman@imfake.com,172
Gertrude,Aikens,Gertrude.Aikens@imfake.com,173
Kurt,Bridgeforth,Kurt.Bridgeforth@imfake.com,174
Russ,Eyre,Russ.Eyre@imfake.com,175
Jeromy,Mathes,Jeromy.Mathes@imfake.com,176
Nellie,Parten,Nellie.Parten@imfake.com,177
Christal,Pettie,Christal.Pettie@imfake.com,178
Hettie,Dehn,Hettie.Dehn@imfake.com,179
Riley,Shedrick,Riley.Shedrick@imfake.com,180
Vinnie,Gossett,Vinnie.Gossett@imfake.com,181
Pinkie,Coloma,Pinkie.Coloma@imfake.com,182
Shona,Farnsworth,Shona.Farnsworth@imfake.com,183
Suzanna,Hempel,Suzanna.Hempel@imfake.com,184
Stephania,Fu,Stephania.Fu@imfake.com,185
Easter,Boardman,Easter.Boardman@imfake.com,186
Fredda,Luechtefeld,Fredda.Luechtefeld@imfake.com,187
Josette,Olguin,Josette.Olguin@imfake.com,188
Dori,Ahrens,Dori.Ahrens@imfake.com,189
Willian,Sprinkle,Willian.Sprinkle@imfake.com,190
Tanisha,Tenorio,Tanisha.Tenorio@imfake.com,191
Livia,Cottone,Livia.Cottone@imfake.com,192
Christinia,Manry,Christinia.Manry@imfake.com,193
Talia,Prevo,Talia.Prevo@imfake.com,194
Joey,Villalvazo,Joey.Villalvazo@imfake.com,195
Clint,Spillane,Clint.Spillane@imfake.com,196
Jamika,Broadfoot,Jamika.Broadfoot@imfake.com,197
Jules,Haugland,Jules.Haugland@imfake.com,198
Renate,Hasbrouck,Renate.Hasbrouck@imfake.com,199
Farrah,Mauck,Farrah.Mauck@imfake.com,200
Malvina,Harwell,Malvina.Harwell@imfake.com,201
Song,Vester,Song.Vester@imfake.com,202
Britni,Azevedo,Britni.Azevedo@imfake.com,203
Yu,Auer,Yu.Auer@imfake.com,204
Trudie,Yeung,Trudie.Yeung@imfake.com,205
Louis,Michell,Louis.Michell@imfake.com,206
Shelba,Lail,Shelba.Lail@imfake.com,207
Darcey,Moloney,Darcey.Moloney@imfake.com,208
Danielle,Urso,Danielle.Urso@imfake.com,209
Arnoldo,Clutts,Arnoldo.Clutts@imfake.com,210
Letha,Tony,Letha.Tony@imfake.com,211
Jenell,Snow,Jenell.Snow@imfake.com,212
Domingo,Marek,Domingo.Marek@imfake.com,213
Alec,Dagley,Alec.Dagley@imfake.com,214
Gerardo,Hughley,Gerardo.Hughley@imfake.com,215
Rosana,Mulvaney,Rosana.Mulvaney@imfake.com,216
Dora,Slane,Dora.Slane@imfake.com,217
Rosanna,Bartels,Rosanna.Bartels@imfake.com,218
Ivelisse,Collazo,Ivelisse.Collazo@imfake.com,219
Larae,Eutsey,Larae.Eutsey@imfake.com,220
Ivey,Suazo,Ivey.Suazo@imfake.com,221
Kizzy,Orr,Kizzy.Orr@imfake.com,222
Nichol,Colegrove,Nichol.Colegrove@imfake.com,223
Malcolm,Brecht,Malcolm.Brecht@imfake.com,224
Jake,Pettitt,Jake.Pettitt@imfake.com,225
Nita,Hamilton,Nita.Hamilton@imfake.com,226
Bo,Stpierre,Bo.Stpierre@imfake.com,227
Jule,Porco,Jule.Porco@imfake.com,228
Debbie,Crooks,Debbie.Crooks@imfake.com,229
Linn,Metivier,Linn.Metivier@imfake.com,230
Yuri,Bleich,Yuri.Bleich@imfake.com,231
Raymon,Derrick,Raymon.Derrick@imfake.com,232
Sandee,Krings,Sandee.Krings@imfake.com,233
Victoria,Rutland,Victoria.Rutland@imfake.com,234
Shelia,Bales,Shelia.Bales@imfake.com,235
Seymour,Gentle,Seymour.Gentle@imfake.com,236
Roseanna,Pietila,Roseanna.Pietila@imfake.com,237
Dionne,Glance,Dionne.Glance@imfake.com,238
Michel,Saunder,Michel.Saunder@imfake.com,239
Gudrun,Keiser,Gudrun.Keiser@imfake.com,240
Ronna,Czaja,Ronna.Czaja@imfake.com,241
Saturnina,Demars,Saturnina.Demars@imfake.com,242
Loris,Zollinger,Loris.Zollinger@imfake.com,243
Flor,Goldenberg,Flor.Goldenberg@imfake.com,244
Lindy,Devilbiss,Lindy.Devilbiss@imfake.com,245
Janine,Wanner,Janine.Wanner@imfake.com,246
Eloy,Odaniel,Eloy.Odaniel@imfake.com,247
Tod,Alfred,Tod.Alfred@imfake.com,248
Cicely,Sax,Cicely.Sax@imfake.com,249
Darin,Claeys,Darin.Claeys@imfake.com,250
Darryl,Snead,Darryl.Snead@imfake.com,251
Elane,Smalls,Elane.Smalls@imfake.com,252
Rowena,Savant,Rowena.Savant@imfake.com,253
Dion,Reinsch,Dion.Reinsch@imfake.com,254
Annice,Robb,Annice.Robb@imfake.com,255
Earlie,Strobl,Earlie.Strobl@imfake.com,256
Nohemi,Rapozo,Nohemi.Rapozo@imfake.com,257
Delcie,Mendel,Delcie.Mendel@imfake.com,258
Kristofer,Shofner,Kristofer.Shofner@imfake.com,259
Marcene,Dula,Marcene.Dula@imfake.com,260
Shana,Shadrick,Shana.Shadrick@imfake.com,261
Josephina,Sherwin,Josephina.Sherwin@imfake.com,262
Demetrice,Balzer,Demetrice.Balzer@imfake.com,263
Lenore,Riva,Lenore.Riva@imfake.com,264
Lovetta,Adorno,Lovetta.Adorno@imfake.com,265
Neta,Iles,Neta.Iles@imfake.com,266
Jacquiline,Huizar,Jacquiline.Huizar@imfake.com,267
Twanda,Janus,Twanda.Janus@imfake.com,268
Kristan,Haines,Kristan.Haines@imfake.com,269
Mitch,Goudy,Mitch.Goudy@imfake.com,270
Shanita,Cervone,Shanita.Cervone@imfake.com,271
Trevor,Markert,Trevor.Markert@imfake.com,272
Lawanna,Heyne,Lawanna.Heyne@imfake.com,273
Graham,Devalle,Graham.Devalle@imfake.com,274
Sharilyn,Alejo,Sharilyn.Alejo@imfake.com,275
Erminia,Mcnutt,Erminia.Mcnutt@imfake.com,276
Phillis,Boatner,Phillis.Boatner@imfake.com,277
Carla,Culbert,Carla.Culbert@imfake.com,278
Isaura,Fullam,Isaura.Fullam@imfake.com,279
Marya,Bruckner,Marya.Bruckner@imfake.com,280
Zenaida,Merrigan,Zenaida.Merrigan@imfake.com,281
Lyndon,Kauzlarich,Lyndon.Kauzlarich@imfake.com,282
Karmen,July,Karmen.July@imfake.com,283
Fredericka,Boatright,Fredericka.Boatright@imfake.com,284
Albertha,Bombard,Albertha.Bombard@imfake.com,285
Aurelia,Buffaloe,Aurelia.Buffaloe@imfake.com,286
Louanne,Terrio,Louanne.Terrio@imfake.com,287
Yuri,Nunley,Yuri.Nunley@imfake.com,288
Doria,Marcus,Doria.Marcus@imfake.com,289
Luciano,Moy,Luciano.Moy@imfake.com,290
Valentin,Ibanez,Valentin.Ibanez@imfake.com,291
Margie,Stallard,Margie.Stallard@imfake.com,292
Xiomara,Hougen,Xiomara.Hougen@imfake.com,293
Asa,Caggiano,Asa.Caggiano@imfake.com,294
Amada,Englehart,Amada.Englehart@imfake.com,295
Theresia,Lightsey,Theresia.Lightsey@imfake.com,296
Harvey,Broadwater,Harvey.Broadwater@imfake.com,297
Hae,Kahl,Hae.Kahl@imfake.com,298
Joana,Yetman,Joana.Yetman@imfake.com,299
Wesley,Ellers,Wesley.Ellers@imfake.com,300
